{"cameraMode":{"drawMode":0,"name":"Shaded","section":"Shading Mode"},"sceneLighting":true,"audioPlay":false,"sceneViewState":{"showFog":true,"showMaterialUpdate":false,"showSkybox":true,"showFlares":true,"showImageEffects":true,"showParticleSystems":true},"in2DMode":false,"pivot":{"x":-6.459022521972656,"y":-1.9653472900390626,"z":4.954322814941406},"rotation":{"x":0.13042253255844117,"y":0.8596552610397339,"z":-0.41241300106048586,"w":0.2718711495399475},"size":67.92081451416016,"orthographic":false}