{"cameraMode":{"drawMode":0,"name":"Shaded","section":"Shading Mode"},"sceneLighting":true,"audioPlay":false,"sceneViewState":{"showFog":true,"showMaterialUpdate":false,"showSkybox":true,"showFlares":true,"showImageEffects":true,"showParticleSystems":true},"in2DMode":false,"pivot":{"x":-0.5872011184692383,"y":2.3056962490081789,"z":0.5358943939208984},"rotation":{"x":-0.022558460012078286,"y":0.37229523062705996,"z":-0.00905244518071413,"w":-0.9277992248535156},"size":15.04719066619873,"orthographic":false}