{"cameraMode":{"drawMode":0,"name":"Shaded","section":"Shading Mode"},"sceneLighting":true,"audioPlay":false,"sceneViewState":{"showFog":true,"showMaterialUpdate":false,"showSkybox":true,"showFlares":true,"showImageEffects":true,"showParticleSystems":true},"in2DMode":false,"pivot":{"x":6.555476188659668,"y":8.274587631225586,"z":-4.779576301574707},"rotation":{"x":-0.11204495280981064,"y":0.3558517396450043,"z":-0.043019119650125507,"w":-0.9268062710762024},"size":12.746262550354004,"orthographic":false}