{"cameraMode":{"drawMode":0,"name":"Shaded","section":"Shading Mode"},"sceneLighting":true,"audioPlay":false,"sceneViewState":{"showFog":true,"showMaterialUpdate":false,"showSkybox":true,"showFlares":true,"showImageEffects":true,"showParticleSystems":true},"in2DMode":false,"pivot":{"x":31.902584075927736,"y":-1.8645000457763672,"z":6.4140472412109379},"rotation":{"x":-0.060241296887397769,"y":-0.03233730420470238,"z":0.0019536768086254598,"w":-0.9976605772972107},"size":101.67224884033203,"orthographic":false}