{"cameraMode":{"drawMode":0,"name":"Shaded","section":"Shading Mode"},"sceneLighting":true,"audioPlay":false,"sceneViewState":{"showFog":true,"showMaterialUpdate":false,"showSkybox":true,"showFlares":true,"showImageEffects":true,"showParticleSystems":true},"in2DMode":false,"pivot":{"x":-4.361408233642578,"y":0.18710994720458985,"z":2.544422149658203},"rotation":{"x":-0.10481632500886917,"y":-0.8644912242889404,"z":0.20224621891975404,"w":-0.4480917155742645},"size":32.37275314331055,"orthographic":false}