{"cameraMode":{"drawMode":0,"name":"Shaded","section":"Shading Mode"},"sceneLighting":true,"audioPlay":false,"sceneViewState":{"showFog":true,"showMaterialUpdate":false,"showSkybox":true,"showFlares":true,"showImageEffects":true,"showParticleSystems":true},"in2DMode":false,"pivot":{"x":-10.29846477508545,"y":-3.286187171936035,"z":3.522796630859375},"rotation":{"x":-0.037037789821624759,"y":0.962491512298584,"z":-0.20545275509357453,"w":-0.17335419356822968},"size":46.656463623046878,"orthographic":false}